ID,first_name,last_name,gender,company_name
EMP001,David,Smith,Female,InfoSys
EMP002,Robert,Jones,Female,DataSoft
EMP003,Michael,Brown,Female,Alpha Inc.
EMP004,Michael,Martinez,Female,TechCorp
EMP005,Alex,Brown,Male,NextGen Systems
EMP006,Robert,Davis,Female,TechCorp
EMP007,Michael,Miller,Female,SoftWorks
EMP008,Michael,Davis,Female,DataSoft
EMP009,Linda,Rodriguez,Female,SoftWorks
EMP010,Robert,Garcia,Male,Skyline LLC
EMP011,Linda,Garcia,Male,InfoSys
EMP012,Emily,Brown,Female,InfoSys
EMP013,Jane,Martinez,Male,NextGen Systems
EMP014,Jane,Martinez,Male,Global Solutions
EMP015,Robert,Johnson,Male,SoftWorks
EMP016,Michael,Jones,Male,Innovatech
EMP017,Emily,Martinez,Female,Skyline LLC
EMP018,Laura,Brown,Male,InfoSys
EMP019,John,Smith,Female,Skyline LLC
EMP020,Alex,Smith,Female,Alpha Inc.
EMP021,John,Davis,Female,Global Solutions
EMP022,David,Davis,Male,Global Solutions
EMP023,Robert,Davis,Female,PrimeTech
EMP024,Robert,Garcia,Male,NextGen Systems
EMP025,Laura,Martinez,Female,SoftWorks
EMP026,Emily,Rodriguez,Male,PrimeTech
EMP027,Laura,Martinez,Female,PrimeTech
EMP028,Michael,Garcia,Male,SoftWorks
EMP029,Sarah,Garcia,Male,Alpha Inc.
EMP030,Robert,Brown,Female,TechCorp
EMP031,Michael,Garcia,Male,Alpha Inc.
EMP032,Linda,Davis,Male,NextGen Systems
EMP033,Sarah,Brown,Male,TechCorp
EMP034,Sarah,Brown,Female,TechCorp
EMP035,David,Williams,Female,Alpha Inc.
EMP036,Laura,Davis,Female,Alpha Inc.
EMP037,Laura,Martinez,Female,Innovatech
EMP038,David,Williams,Male,Alpha Inc.
EMP039,John,Williams,Male,DataSoft
EMP040,Robert,Miller,Female,Skyline LLC
EMP041,David,Jones,Female,Skyline LLC
EMP042,Sarah,Smith,Male,Alpha Inc.
EMP043,David,Davis,Female,PrimeTech
EMP044,Laura,Smith,Female,TechCorp
EMP045,David,Williams,Female,Alpha Inc.
EMP046,Sarah,Jones,Male,Alpha Inc.
EMP047,Jane,Johnson,Female,NextGen Systems
EMP048,David,Miller,Female,Skyline LLC
EMP049,John,Davis,Female,Innovatech
EMP050,Michael,Garcia,Male,Skyline LLC
EMP051,Michael,Martinez,Female,Skyline LLC
EMP052,Sarah,Rodriguez,Female,Innovatech
EMP053,David,Martinez,Male,InfoSys
EMP054,Laura,Miller,Female,TechCorp
EMP055,Linda,Jones,Male,InfoSys
EMP056,Laura,Brown,Female,Alpha Inc.
EMP057,Emily,Garcia,Female,PrimeTech
EMP058,Laura,Davis,Male,DataSoft
EMP059,John,Davis,Female,InfoSys
EMP060,Alex,Smith,Female,SoftWorks
EMP061,David,Jones,Female,InfoSys
EMP062,Alex,Smith,Male,Innovatech
EMP063,Laura,Smith,Female,NextGen Systems
EMP064,Jane,Miller,Male,PrimeTech
EMP065,John,Rodriguez,Male,Alpha Inc.
EMP066,John,Williams,Male,Global Solutions
EMP067,Laura,Miller,Female,Alpha Inc.
EMP068,Jane,Johnson,Female,PrimeTech
EMP069,Emily,Johnson,Female,Innovatech
EMP070,Jane,Rodriguez,Female,TechCorp
EMP071,John,Davis,Female,Innovatech
EMP072,Michael,Miller,Male,Skyline LLC
EMP073,David,Miller,Female,SoftWorks
EMP074,David,Johnson,Male,Skyline LLC
EMP075,David,Brown,Female,Skyline LLC
EMP076,David,Davis,Female,InfoSys
EMP077,Sarah,Davis,Male,DataSoft
EMP078,Alex,Johnson,Male,Skyline LLC
EMP079,John,Davis,Female,InfoSys
EMP080,Jane,Garcia,Male,NextGen Systems
EMP081,John,Davis,Female,NextGen Systems
EMP082,Laura,Williams,Female,Alpha Inc.
EMP083,Michael,Martinez,Male,DataSoft
EMP084,Linda,Brown,Male,Global Solutions
EMP085,Alex,Brown,Male,Innovatech
EMP086,Sarah,Brown,Male,NextGen Systems
EMP087,Laura,Davis,Female,InfoSys
EMP088,Robert,Brown,Female,TechCorp
EMP089,Robert,Brown,Female,NextGen Systems
EMP090,Jane,Johnson,Male,NextGen Systems
EMP091,Michael,Rodriguez,Male,NextGen Systems
EMP092,Jane,Garcia,Male,SoftWorks
EMP093,David,Jones,Female,Skyline LLC
EMP094,Linda,Brown,Male,SoftWorks
EMP095,Robert,Smith,Female,SoftWorks
EMP096,Laura,Rodriguez,Male,SoftWorks
EMP097,Laura,Garcia,Female,Skyline LLC
EMP098,John,Brown,Female,SoftWorks
EMP099,Alex,Miller,Female,InfoSys
EMP100,John,Johnson,Male,PrimeTech
